datetime,PlotPoints,Message,Latitude,Longitude
6/20/2017 16:36,0-2573760,UNLIMITED-TRACK,32.63668,-117.23824
6/20/2017 16:35,0-2573891,UNLIMITED-TRACK,32.63391,-117.23924
6/20/2017 16:30,0-2573891,UNLIMITED-TRACK,32.62304,-117.24918
6/20/2017 16:30,0-2573760,UNLIMITED-TRACK,32.62242,-117.24989
6/20/2017 16:30,0-2572498,UNLIMITED-TRACK,32.62132,-117.25099
6/20/2017 16:26,0-2573760,UNLIMITED-TRACK,32.62248,-117.24982
6/20/2017 16:25,0-2573891,UNLIMITED-TRACK,32.61309,-117.26027
6/20/2017 16:25,0-2572498,UNLIMITED-TRACK,32.61119,-117.26223
6/20/2017 16:20,0-2572498,UNLIMITED-TRACK,32.60123,-117.27365
6/20/2017 16:10,0-2573891,UNLIMITED-TRACK,32.58308,-117.29469
6/20/2017 16:06,0-2573760,UNLIMITED-TRACK,32.5753,-117.30397
6/20/2017 16:05,0-2573891,UNLIMITED-TRACK,32.57347,-117.30602
6/20/2017 16:01,0-2573760,UNLIMITED-TRACK,32.56552,-117.31556
6/20/2017 16:00,0-2573891,UNLIMITED-TRACK,32.56369,-117.31789
6/20/2017 15:59,0-2574334,UNLIMITED-TRACK,32.56142,-117.32047
6/20/2017 15:57,0-2572498,UNLIMITED-TRACK,32.55894,-117.32248
6/20/2017 15:56,0-2573760,UNLIMITED-TRACK,32.55956,-117.3237
6/20/2017 15:55,0-2573891,UNLIMITED-TRACK,32.56148,-117.32628
6/20/2017 15:54,0-2574334,UNLIMITED-TRACK,32.5591,-117.32262
6/20/2017 15:53,0-2572498,UNLIMITED-TRACK,32.56609,-117.33075
6/20/2017 15:51,0-2573760,UNLIMITED-TRACK,32.57165,-117.3336
6/20/2017 15:49,0-2574334,UNLIMITED-TRACK,32.55933,-117.32306
6/20/2017 15:49,0-2573891,UNLIMITED-TRACK,32.57761,-117.33679
6/20/2017 15:46,0-2573760,UNLIMITED-TRACK,32.58501,-117.34121
6/20/2017 15:44,0-2574334,UNLIMITED-TRACK,32.55947,-117.32352
6/20/2017 15:44,0-2573891,UNLIMITED-TRACK,32.58958,-117.34323
6/20/2017 15:41,0-2573760,UNLIMITED-TRACK,32.58788,-117.33873
6/20/2017 15:39,0-2572498,UNLIMITED-TRACK,32.58709,-117.33832
6/20/2017 15:39,0-2574334,UNLIMITED-TRACK,32.55965,-117.32396
6/20/2017 15:39,0-2573891,UNLIMITED-TRACK,32.5846,-117.32915
6/20/2017 15:36,0-2573760,UNLIMITED-TRACK,32.58642,-117.33075
6/20/2017 15:34,0-2572498,UNLIMITED-TRACK,32.58309,-117.32724
6/20/2017 15:34,0-2574334,UNLIMITED-TRACK,32.55987,-117.32433
6/20/2017 15:34,0-2573891,UNLIMITED-TRACK,32.5737,-117.32829
6/20/2017 15:31,0-2573760,UNLIMITED-TRACK,32.57569,-117.32715
6/20/2017 15:30,0-2574334,UNLIMITED-TRACK,32.56009,-117.32471
6/20/2017 15:29,0-2572498,UNLIMITED-TRACK,32.57189,-117.32964
6/20/2017 15:26,0-2573760,UNLIMITED-TRACK,32.56769,-117.33817
6/20/2017 15:25,0-2573891,UNLIMITED-TRACK,32.56818,-117.34097
6/20/2017 15:24,0-2572498,UNLIMITED-TRACK,32.57019,-117.34203
6/20/2017 15:24,0-2574334,UNLIMITED-TRACK,32.56039,-117.32515
6/20/2017 15:22,0-2573760,UNLIMITED-TRACK,32.57557,-117.34142
6/20/2017 15:20,0-2573891,UNLIMITED-TRACK,32.57816,-117.33696
6/20/2017 15:19,0-2572498,UNLIMITED-TRACK,32.57836,-117.33736
6/20/2017 15:19,0-2574334,UNLIMITED-TRACK,32.56074,-117.32553
6/20/2017 15:15,0-2573891,UNLIMITED-TRACK,32.58809,-117.33704
6/20/2017 15:14,0-2572498,UNLIMITED-TRACK,32.58844,-117.3369
6/20/2017 15:14,0-2574334,UNLIMITED-TRACK,32.56091,-117.32605
6/20/2017 15:12,0-2573760,UNLIMITED-TRACK,32.57561,-117.34159
6/20/2017 15:10,0-2573891,UNLIMITED-TRACK,32.58871,-117.33731
6/20/2017 15:09,0-2572498,UNLIMITED-TRACK,32.58812,-117.33948
6/20/2017 15:09,0-2574334,UNLIMITED-TRACK,32.56113,-117.32645
6/20/2017 15:05,0-2573891,UNLIMITED-TRACK,32.58887,-117.33754
6/20/2017 15:04,0-2572498,UNLIMITED-TRACK,32.58831,-117.33965
6/20/2017 15:04,0-2574334,UNLIMITED-TRACK,32.56142,-117.32689
6/20/2017 15:00,0-2573891,UNLIMITED-TRACK,32.58903,-117.3378
6/20/2017 14:59,0-2572498,UNLIMITED-TRACK,32.58849,-117.33984
6/20/2017 14:59,0-2574334,UNLIMITED-TRACK,32.56166,-117.32727
6/20/2017 14:55,0-2573891,UNLIMITED-TRACK,32.5892,-117.33806
6/20/2017 14:54,0-2572498,UNLIMITED-TRACK,32.58866,-117.34007
6/20/2017 14:54,0-2574334,UNLIMITED-TRACK,32.56199,-117.32764
6/20/2017 14:50,0-2573891,UNLIMITED-TRACK,32.58937,-117.3383
6/20/2017 14:50,0-2572498,UNLIMITED-TRACK,32.5888,-117.34029
6/20/2017 14:49,0-2574334,UNLIMITED-TRACK,32.56234,-117.328
6/20/2017 14:45,0-2573891,UNLIMITED-TRACK,32.58953,-117.33858
6/20/2017 14:44,0-2572498,UNLIMITED-TRACK,32.58897,-117.34053
6/20/2017 14:44,0-2574334,UNLIMITED-TRACK,32.56269,-117.32834
6/20/2017 14:41,0-2573891,UNLIMITED-TRACK,32.58966,-117.33881
6/20/2017 14:39,0-2572498,UNLIMITED-TRACK,32.58911,-117.34079
6/20/2017 14:39,0-2574334,UNLIMITED-TRACK,32.56305,-117.3287
6/20/2017 14:35,0-2573891,UNLIMITED-TRACK,32.58985,-117.33907
6/20/2017 14:34,0-2572498,UNLIMITED-TRACK,32.58924,-117.341
6/20/2017 14:34,0-2574334,UNLIMITED-TRACK,32.5634,-117.32907
6/20/2017 14:30,0-2573891,UNLIMITED-TRACK,32.59,-117.33928
6/20/2017 14:30,0-2574334,UNLIMITED-TRACK,32.56381,-117.32941
6/20/2017 14:29,0-2572498,UNLIMITED-TRACK,32.58939,-117.34123
6/20/2017 14:25,0-2573891,UNLIMITED-TRACK,32.59015,-117.33949
6/20/2017 14:24,0-2574334,UNLIMITED-TRACK,32.56421,-117.32985
6/20/2017 14:24,0-2572498,UNLIMITED-TRACK,32.58956,-117.34143
6/20/2017 14:20,0-2573891,UNLIMITED-TRACK,32.59031,-117.33981
6/20/2017 14:19,0-2574334,UNLIMITED-TRACK,32.5645,-117.33034
6/20/2017 14:19,0-2572498,UNLIMITED-TRACK,32.58974,-117.34163
6/20/2017 14:16,0-2573760,UNLIMITED-TRACK,32.57859,-117.34018
6/20/2017 14:15,0-2573891,UNLIMITED-TRACK,32.59044,-117.34012
6/20/2017 14:15,0-2574334,UNLIMITED-TRACK,32.5648,-117.33078
6/20/2017 14:14,0-2572498,UNLIMITED-TRACK,32.58991,-117.34181
6/20/2017 14:11,0-2573760,UNLIMITED-TRACK,32.57872,-117.34032
6/20/2017 14:10,0-2573891,UNLIMITED-TRACK,32.59058,-117.34042
6/20/2017 14:10,0-2574334,UNLIMITED-TRACK,32.56525,-117.33113
6/20/2017 14:09,0-2572498,UNLIMITED-TRACK,32.59008,-117.3421
6/20/2017 14:06,0-2573760,UNLIMITED-TRACK,32.57882,-117.34047
6/20/2017 14:05,0-2573891,UNLIMITED-TRACK,32.59073,-117.3407
6/20/2017 14:05,0-2574334,UNLIMITED-TRACK,32.56572,-117.33147
6/20/2017 14:04,0-2572498,UNLIMITED-TRACK,32.5902,-117.34238
6/20/2017 14:01,0-2573760,UNLIMITED-TRACK,32.57895,-117.34055
6/20/2017 14:00,0-2573891,UNLIMITED-TRACK,32.59087,-117.34097
6/20/2017 14:00,0-2574334,UNLIMITED-TRACK,32.56617,-117.33183
6/20/2017 13:59,0-2572498,UNLIMITED-TRACK,32.59034,-117.34261
6/20/2017 13:57,0-2573760,UNLIMITED-TRACK,32.57907,-117.34064
6/20/2017 13:55,0-2573891,UNLIMITED-TRACK,32.59101,-117.34126
6/20/2017 13:55,0-2574334,UNLIMITED-TRACK,32.56662,-117.33218
6/20/2017 13:54,0-2572498,UNLIMITED-TRACK,32.59049,-117.34286
6/20/2017 13:51,0-2573760,UNLIMITED-TRACK,32.57922,-117.34076
6/20/2017 13:50,0-2573891,UNLIMITED-TRACK,32.59114,-117.34149
6/20/2017 13:50,0-2572498,UNLIMITED-TRACK,32.59063,-117.34306
6/20/2017 13:50,0-2574334,UNLIMITED-TRACK,32.56706,-117.33255
6/20/2017 13:46,0-2573760,UNLIMITED-TRACK,32.57935,-117.34085
6/20/2017 13:45,0-2573891,UNLIMITED-TRACK,32.59127,-117.34175
6/20/2017 13:45,0-2574334,UNLIMITED-TRACK,32.56748,-117.33284
6/20/2017 13:44,0-2572498,UNLIMITED-TRACK,32.59079,-117.34329
6/20/2017 13:41,0-2573760,UNLIMITED-TRACK,32.57952,-117.34108
6/20/2017 13:41,0-2573891,UNLIMITED-TRACK,32.59145,-117.34201
6/20/2017 13:40,0-2574334,UNLIMITED-TRACK,32.56793,-117.33319
6/20/2017 13:39,0-2572498,UNLIMITED-TRACK,32.59094,-117.34351
6/20/2017 13:36,0-2573760,UNLIMITED-TRACK,32.57977,-117.34122
6/20/2017 13:35,0-2573891,UNLIMITED-TRACK,32.59161,-117.34229
6/20/2017 13:35,0-2574334,UNLIMITED-TRACK,32.56828,-117.3336
6/20/2017 13:34,0-2572498,UNLIMITED-TRACK,32.59109,-117.34372
6/20/2017 13:31,0-2573760,UNLIMITED-TRACK,32.58007,-117.34131
6/20/2017 13:30,0-2573891,UNLIMITED-TRACK,32.59178,-117.34254
6/20/2017 13:30,0-2574334,UNLIMITED-TRACK,32.56864,-117.334
6/20/2017 13:29,0-2572498,UNLIMITED-TRACK,32.59124,-117.34392
6/20/2017 13:26,0-2573760,UNLIMITED-TRACK,32.58036,-117.34143
6/20/2017 13:25,0-2573891,UNLIMITED-TRACK,32.59195,-117.34285
6/20/2017 13:25,0-2574334,UNLIMITED-TRACK,32.56912,-117.33444
6/20/2017 13:24,0-2572498,UNLIMITED-TRACK,32.59143,-117.34412
6/20/2017 13:21,0-2573760,UNLIMITED-TRACK,32.5807,-117.34155
6/20/2017 13:20,0-2573891,UNLIMITED-TRACK,32.59211,-117.34314
6/20/2017 13:20,0-2574334,UNLIMITED-TRACK,32.56957,-117.33478
6/20/2017 13:19,0-2572498,UNLIMITED-TRACK,32.5916,-117.34435
6/20/2017 13:16,0-2573760,UNLIMITED-TRACK,32.58103,-117.34171
6/20/2017 13:15,0-2573891,UNLIMITED-TRACK,32.59229,-117.34338
6/20/2017 13:15,0-2574334,UNLIMITED-TRACK,32.57004,-117.33514
6/20/2017 13:14,0-2572498,UNLIMITED-TRACK,32.59177,-117.34459
6/20/2017 13:11,0-2573760,UNLIMITED-TRACK,32.58134,-117.34184
6/20/2017 13:10,0-2573891,UNLIMITED-TRACK,32.59246,-117.34364
6/20/2017 13:10,0-2574334,UNLIMITED-TRACK,32.57051,-117.33556
6/20/2017 13:09,0-2572498,UNLIMITED-TRACK,32.59195,-117.34477
6/20/2017 13:06,0-2573760,UNLIMITED-TRACK,32.58167,-117.34201
6/20/2017 13:05,0-2573891,UNLIMITED-TRACK,32.59261,-117.34393
6/20/2017 13:05,0-2574334,UNLIMITED-TRACK,32.57099,-117.33592
6/20/2017 13:04,0-2572498,UNLIMITED-TRACK,32.59212,-117.34503
6/20/2017 13:01,0-2573760,UNLIMITED-TRACK,32.58199,-117.34216
6/20/2017 13:00,0-2573891,UNLIMITED-TRACK,32.59277,-117.34419
6/20/2017 13:00,0-2574334,UNLIMITED-TRACK,32.57148,-117.33627
6/20/2017 12:59,0-2572498,UNLIMITED-TRACK,32.59226,-117.34535
6/20/2017 12:57,0-2573760,UNLIMITED-TRACK,32.58232,-117.34224
6/20/2017 12:55,0-2573891,UNLIMITED-TRACK,32.59291,-117.34445
6/20/2017 12:55,0-2574334,UNLIMITED-TRACK,32.57194,-117.33662
6/20/2017 12:54,0-2572498,UNLIMITED-TRACK,32.59243,-117.34561
6/20/2017 12:51,0-2573760,UNLIMITED-TRACK,32.58268,-117.34239
6/20/2017 12:50,0-2573891,UNLIMITED-TRACK,32.59307,-117.34476
6/20/2017 12:50,0-2572498,UNLIMITED-TRACK,32.59258,-117.34583
6/20/2017 12:50,0-2574334,UNLIMITED-TRACK,32.57243,-117.33694
6/20/2017 12:46,0-2573760,UNLIMITED-TRACK,32.58305,-117.34248
6/20/2017 12:45,0-2573891,UNLIMITED-TRACK,32.59323,-117.34503
6/20/2017 12:45,0-2574334,UNLIMITED-TRACK,32.57291,-117.33727
6/20/2017 12:44,0-2572498,UNLIMITED-TRACK,32.59274,-117.34612
6/20/2017 12:41,0-2573760,UNLIMITED-TRACK,32.58342,-117.34261
6/20/2017 12:41,0-2573891,UNLIMITED-TRACK,32.59338,-117.34528
6/20/2017 12:40,0-2574334,UNLIMITED-TRACK,32.57343,-117.33757
6/20/2017 12:39,0-2572498,UNLIMITED-TRACK,32.5929,-117.34634
6/20/2017 12:36,0-2573760,UNLIMITED-TRACK,32.58377,-117.34279
6/20/2017 12:35,0-2573891,UNLIMITED-TRACK,32.59353,-117.34561
6/20/2017 12:35,0-2574334,UNLIMITED-TRACK,32.57396,-117.33789
6/20/2017 12:34,0-2572498,UNLIMITED-TRACK,32.59306,-117.34657
6/20/2017 12:31,0-2573760,UNLIMITED-TRACK,32.58413,-117.34296
6/20/2017 12:31,0-2574334,UNLIMITED-TRACK,32.5744,-117.33817
6/20/2017 12:30,0-2573891,UNLIMITED-TRACK,32.59368,-117.34593
6/20/2017 12:29,0-2572498,UNLIMITED-TRACK,32.5932,-117.34683
6/20/2017 12:26,0-2573760,UNLIMITED-TRACK,32.5845,-117.34312
6/20/2017 12:25,0-2573891,UNLIMITED-TRACK,32.59385,-117.34619
6/20/2017 12:25,0-2574334,UNLIMITED-TRACK,32.57495,-117.33856
6/20/2017 12:24,0-2572498,UNLIMITED-TRACK,32.59335,-117.34712
6/20/2017 12:21,0-2573760,UNLIMITED-TRACK,32.58486,-117.34328
6/20/2017 12:20,0-2573891,UNLIMITED-TRACK,32.594,-117.34647
6/20/2017 12:20,0-2574334,UNLIMITED-TRACK,32.57545,-117.33885
6/20/2017 12:19,0-2572498,UNLIMITED-TRACK,32.59351,-117.34734
6/20/2017 12:16,0-2573760,UNLIMITED-TRACK,32.58522,-117.34343
6/20/2017 12:15,0-2573891,UNLIMITED-TRACK,32.59416,-117.34671
6/20/2017 12:15,0-2574334,UNLIMITED-TRACK,32.57592,-117.3392
6/20/2017 12:14,0-2572498,UNLIMITED-TRACK,32.59365,-117.3476
6/20/2017 12:11,0-2573760,UNLIMITED-TRACK,32.58561,-117.34355
6/20/2017 12:10,0-2573891,UNLIMITED-TRACK,32.5943,-117.34698
6/20/2017 12:10,0-2574334,UNLIMITED-TRACK,32.57642,-117.33952
6/20/2017 12:09,0-2572498,UNLIMITED-TRACK,32.59378,-117.34784
6/20/2017 12:06,0-2573760,UNLIMITED-TRACK,32.58596,-117.34372
6/20/2017 12:05,0-2573891,UNLIMITED-TRACK,32.59442,-117.34726
6/20/2017 12:05,0-2574334,UNLIMITED-TRACK,32.57695,-117.33986
6/20/2017 12:04,0-2572498,UNLIMITED-TRACK,32.59393,-117.34808
6/20/2017 12:01,0-2573760,UNLIMITED-TRACK,32.58634,-117.34386
6/20/2017 12:00,0-2573891,UNLIMITED-TRACK,32.59452,-117.34752
6/20/2017 12:00,0-2574334,UNLIMITED-TRACK,32.57749,-117.34021
6/20/2017 11:59,0-2572498,UNLIMITED-TRACK,32.59404,-117.3483
6/20/2017 11:57,0-2573760,UNLIMITED-TRACK,32.58666,-117.34398
6/20/2017 11:55,0-2573891,UNLIMITED-TRACK,32.59464,-117.34778
6/20/2017 11:55,0-2574334,UNLIMITED-TRACK,32.57801,-117.34053
6/20/2017 11:54,0-2572498,UNLIMITED-TRACK,32.59415,-117.34853
6/20/2017 11:51,0-2573760,UNLIMITED-TRACK,32.58706,-117.34419
6/20/2017 11:50,0-2573891,UNLIMITED-TRACK,32.59473,-117.34808
6/20/2017 11:50,0-2574334,UNLIMITED-TRACK,32.57857,-117.34085
6/20/2017 11:50,0-2572498,UNLIMITED-TRACK,32.59423,-117.34875
6/20/2017 11:46,0-2573760,UNLIMITED-TRACK,32.58743,-117.34441
6/20/2017 11:45,0-2573891,UNLIMITED-TRACK,32.59483,-117.34836
6/20/2017 11:45,0-2574334,UNLIMITED-TRACK,32.5791,-117.34117
6/20/2017 11:44,0-2572498,UNLIMITED-TRACK,32.59433,-117.349
6/20/2017 11:41,0-2573760,UNLIMITED-TRACK,32.58778,-117.34465
6/20/2017 11:41,0-2573891,UNLIMITED-TRACK,32.59491,-117.3486
6/20/2017 11:40,0-2574334,UNLIMITED-TRACK,32.57964,-117.34149
6/20/2017 11:39,0-2572498,UNLIMITED-TRACK,32.59442,-117.34926
6/20/2017 11:36,0-2573760,UNLIMITED-TRACK,32.58812,-117.34486
6/20/2017 11:35,0-2573891,UNLIMITED-TRACK,32.59501,-117.34894
6/20/2017 11:35,0-2574334,UNLIMITED-TRACK,32.58016,-117.34186
6/20/2017 11:34,0-2572498,UNLIMITED-TRACK,32.59452,-117.3495
6/20/2017 11:31,0-2573760,UNLIMITED-TRACK,32.5885,-117.34506
6/20/2017 11:31,0-2574334,UNLIMITED-TRACK,32.58063,-117.34218
6/20/2017 11:30,0-2573891,UNLIMITED-TRACK,32.59512,-117.34924
6/20/2017 11:29,0-2572498,UNLIMITED-TRACK,32.59464,-117.34978
6/20/2017 11:26,0-2573760,UNLIMITED-TRACK,32.58888,-117.34528
6/20/2017 11:25,0-2573891,UNLIMITED-TRACK,32.59521,-117.3495
6/20/2017 11:25,0-2574334,UNLIMITED-TRACK,32.58122,-117.34259
6/20/2017 11:24,0-2572498,UNLIMITED-TRACK,32.59473,-117.35005
6/20/2017 11:21,0-2573760,UNLIMITED-TRACK,32.58924,-117.34554
6/20/2017 11:20,0-2573891,UNLIMITED-TRACK,32.59532,-117.34972
6/20/2017 11:20,0-2574334,UNLIMITED-TRACK,32.58176,-117.34291
6/20/2017 11:19,0-2572498,UNLIMITED-TRACK,32.59484,-117.3503
6/20/2017 11:16,0-2573760,UNLIMITED-TRACK,32.58961,-117.34575
6/20/2017 11:15,0-2573891,UNLIMITED-TRACK,32.59543,-117.34993
6/20/2017 11:15,0-2574334,UNLIMITED-TRACK,32.58231,-117.34326
6/20/2017 11:14,0-2572498,UNLIMITED-TRACK,32.59494,-117.35046
6/20/2017 11:11,0-2573760,UNLIMITED-TRACK,32.58998,-117.34596
6/20/2017 11:10,0-2573891,UNLIMITED-TRACK,32.59551,-117.35016
6/20/2017 11:10,0-2574334,UNLIMITED-TRACK,32.58283,-117.3436
6/20/2017 11:09,0-2572498,UNLIMITED-TRACK,32.59504,-117.35066
6/20/2017 11:06,0-2573760,UNLIMITED-TRACK,32.59036,-117.34619
6/20/2017 11:05,0-2573891,UNLIMITED-TRACK,32.59563,-117.35037
6/20/2017 11:05,0-2574334,UNLIMITED-TRACK,32.58334,-117.34387
6/20/2017 11:04,0-2572498,UNLIMITED-TRACK,32.59514,-117.35088
6/20/2017 11:01,0-2573760,UNLIMITED-TRACK,32.59075,-117.34641
6/20/2017 11:00,0-2573891,UNLIMITED-TRACK,32.59573,-117.35059
6/20/2017 11:00,0-2574334,UNLIMITED-TRACK,32.58385,-117.34422
6/20/2017 10:59,0-2572498,UNLIMITED-TRACK,32.59525,-117.35104
6/20/2017 10:57,0-2573760,UNLIMITED-TRACK,32.59106,-117.34662
6/20/2017 10:55,0-2574334,UNLIMITED-TRACK,32.58441,-117.34459
6/20/2017 10:55,0-2573891,UNLIMITED-TRACK,32.59584,-117.3508
6/20/2017 10:54,0-2572498,UNLIMITED-TRACK,32.59538,-117.35124
6/20/2017 10:51,0-2573760,UNLIMITED-TRACK,32.59147,-117.34691
6/20/2017 10:50,0-2573891,UNLIMITED-TRACK,32.59595,-117.35103
6/20/2017 10:50,0-2572498,UNLIMITED-TRACK,32.59548,-117.35141
6/20/2017 10:50,0-2574334,UNLIMITED-TRACK,32.58496,-117.34496
6/20/2017 10:46,0-2573760,UNLIMITED-TRACK,32.59184,-117.34715
6/20/2017 10:45,0-2573891,UNLIMITED-TRACK,32.59604,-117.35127
6/20/2017 10:45,0-2574334,UNLIMITED-TRACK,32.5855,-117.34531
6/20/2017 10:44,0-2572498,UNLIMITED-TRACK,32.5956,-117.35168
6/20/2017 10:41,0-2573760,UNLIMITED-TRACK,32.59221,-117.34741
6/20/2017 10:41,0-2573891,UNLIMITED-TRACK,32.59612,-117.35147
6/20/2017 10:40,0-2574334,UNLIMITED-TRACK,32.58604,-117.34566
6/20/2017 10:39,0-2572498,UNLIMITED-TRACK,32.59572,-117.3519
6/20/2017 10:36,0-2573760,UNLIMITED-TRACK,32.59255,-117.34772
6/20/2017 10:36,0-2573891,UNLIMITED-TRACK,32.59621,-117.35173
6/20/2017 10:35,0-2574334,UNLIMITED-TRACK,32.5866,-117.34601
6/20/2017 10:34,0-2572498,UNLIMITED-TRACK,32.59584,-117.3521
6/20/2017 10:31,0-2573760,UNLIMITED-TRACK,32.59292,-117.34802
6/20/2017 10:31,0-2574334,UNLIMITED-TRACK,32.58708,-117.3463
6/20/2017 10:30,0-2573891,UNLIMITED-TRACK,32.59636,-117.35194
6/20/2017 10:29,0-2572498,UNLIMITED-TRACK,32.59596,-117.35225
6/20/2017 10:26,0-2573760,UNLIMITED-TRACK,32.5933,-117.34831
6/20/2017 10:25,0-2574334,UNLIMITED-TRACK,32.58768,-117.34676
6/20/2017 10:25,0-2573891,UNLIMITED-TRACK,32.59648,-117.35211
6/20/2017 10:24,0-2572498,UNLIMITED-TRACK,32.59608,-117.3524
6/20/2017 10:21,0-2573760,UNLIMITED-TRACK,32.59368,-117.34863
6/20/2017 10:20,0-2574334,UNLIMITED-TRACK,32.58824,-117.34714
6/20/2017 10:20,0-2573891,UNLIMITED-TRACK,32.59658,-117.35229
6/20/2017 10:19,0-2572498,UNLIMITED-TRACK,32.59621,-117.35252
6/20/2017 10:16,0-2573760,UNLIMITED-TRACK,32.59403,-117.34897
6/20/2017 10:15,0-2574334,UNLIMITED-TRACK,32.58882,-117.34755
6/20/2017 10:15,0-2573891,UNLIMITED-TRACK,32.5967,-117.35248
6/20/2017 10:14,0-2572498,UNLIMITED-TRACK,32.59635,-117.35269
6/20/2017 10:11,0-2573760,UNLIMITED-TRACK,32.59438,-117.3493
6/20/2017 10:10,0-2574334,UNLIMITED-TRACK,32.58939,-117.34795
6/20/2017 10:10,0-2573891,UNLIMITED-TRACK,32.59682,-117.35272
6/20/2017 10:09,0-2572498,UNLIMITED-TRACK,32.59649,-117.35289
6/20/2017 10:06,0-2573760,UNLIMITED-TRACK,32.59471,-117.34962
6/20/2017 10:05,0-2574334,UNLIMITED-TRACK,32.58998,-117.3484
6/20/2017 10:05,0-2573891,UNLIMITED-TRACK,32.59697,-117.35294
6/20/2017 10:04,0-2572498,UNLIMITED-TRACK,32.59664,-117.3531
6/20/2017 10:01,0-2573760,UNLIMITED-TRACK,32.59506,-117.34995
6/20/2017 10:00,0-2574334,UNLIMITED-TRACK,32.59061,-117.34882
6/20/2017 10:00,0-2573891,UNLIMITED-TRACK,32.59715,-117.35312
6/20/2017 9:59,0-2572498,UNLIMITED-TRACK,32.59681,-117.35327
6/20/2017 9:57,0-2573760,UNLIMITED-TRACK,32.59538,-117.35023
6/20/2017 9:55,0-2574334,UNLIMITED-TRACK,32.59121,-117.34924
6/20/2017 9:55,0-2573891,UNLIMITED-TRACK,32.59738,-117.35327
6/20/2017 9:54,0-2572498,UNLIMITED-TRACK,32.59702,-117.35341
6/20/2017 9:51,0-2573760,UNLIMITED-TRACK,32.59573,-117.35057
6/20/2017 9:50,0-2574334,UNLIMITED-TRACK,32.59178,-117.34969
6/20/2017 9:50,0-2573891,UNLIMITED-TRACK,32.59757,-117.35342
6/20/2017 9:50,0-2572498,UNLIMITED-TRACK,32.59718,-117.35352
6/20/2017 9:46,0-2573760,UNLIMITED-TRACK,32.59604,-117.35088
6/20/2017 9:45,0-2574334,UNLIMITED-TRACK,32.59237,-117.35013
6/20/2017 9:45,0-2573891,UNLIMITED-TRACK,32.59773,-117.35359
6/20/2017 9:44,0-2572498,UNLIMITED-TRACK,32.59738,-117.35367
6/20/2017 9:41,0-2573760,UNLIMITED-TRACK,32.59633,-117.3512
6/20/2017 9:41,0-2573891,UNLIMITED-TRACK,32.59789,-117.35374
6/20/2017 9:40,0-2574334,UNLIMITED-TRACK,32.59297,-117.35057
6/20/2017 9:39,0-2572498,UNLIMITED-TRACK,32.59755,-117.35384
6/20/2017 9:36,0-2573760,UNLIMITED-TRACK,32.59664,-117.35153
6/20/2017 9:35,0-2574334,UNLIMITED-TRACK,32.59355,-117.35106
6/20/2017 9:35,0-2573891,UNLIMITED-TRACK,32.59807,-117.35394
6/20/2017 9:34,0-2572498,UNLIMITED-TRACK,32.59772,-117.35396
6/20/2017 9:31,0-2573760,UNLIMITED-TRACK,32.59692,-117.3519
6/20/2017 9:31,0-2574334,UNLIMITED-TRACK,32.59403,-117.35152
6/20/2017 9:30,0-2573891,UNLIMITED-TRACK,32.59823,-117.35411
6/20/2017 9:29,0-2572498,UNLIMITED-TRACK,32.59789,-117.3541
6/20/2017 9:26,0-2573760,UNLIMITED-TRACK,32.59719,-117.35231
6/20/2017 9:25,0-2574334,UNLIMITED-TRACK,32.59464,-117.35205
6/20/2017 9:25,0-2573891,UNLIMITED-TRACK,32.59841,-117.35426
6/20/2017 9:24,0-2572498,UNLIMITED-TRACK,32.59807,-117.3542
6/20/2017 9:21,0-2573760,UNLIMITED-TRACK,32.59748,-117.35269
6/20/2017 9:20,0-2574334,UNLIMITED-TRACK,32.59521,-117.35252
6/20/2017 9:20,0-2573891,UNLIMITED-TRACK,32.59857,-117.35439
6/20/2017 9:19,0-2572498,UNLIMITED-TRACK,32.59826,-117.35432
6/20/2017 9:16,0-2573760,UNLIMITED-TRACK,32.59773,-117.35312
6/20/2017 9:15,0-2574334,UNLIMITED-TRACK,32.59583,-117.353
6/20/2017 9:15,0-2573891,UNLIMITED-TRACK,32.59873,-117.35457
6/20/2017 9:14,0-2572498,UNLIMITED-TRACK,32.59842,-117.35448
6/20/2017 9:11,0-2573760,UNLIMITED-TRACK,32.59799,-117.35355
6/20/2017 9:10,0-2574334,UNLIMITED-TRACK,32.59638,-117.35341
6/20/2017 9:10,0-2573891,UNLIMITED-TRACK,32.59893,-117.35471
6/20/2017 9:09,0-2572498,UNLIMITED-TRACK,32.59864,-117.35458
6/20/2017 9:06,0-2573760,UNLIMITED-TRACK,32.59828,-117.35396
6/20/2017 9:05,0-2574334,UNLIMITED-TRACK,32.59697,-117.35379
6/20/2017 9:05,0-2573891,UNLIMITED-TRACK,32.59911,-117.35489
6/20/2017 9:04,0-2572498,UNLIMITED-TRACK,32.59881,-117.35474
6/20/2017 9:01,0-2573760,UNLIMITED-TRACK,32.59852,-117.35437
6/20/2017 9:00,0-2574334,UNLIMITED-TRACK,32.59758,-117.35426
6/20/2017 9:00,0-2573891,UNLIMITED-TRACK,32.59933,-117.35504
6/20/2017 8:59,0-2572498,UNLIMITED-TRACK,32.59902,-117.35481
6/20/2017 8:57,0-2573760,UNLIMITED-TRACK,32.59875,-117.35469
6/20/2017 8:55,0-2574334,UNLIMITED-TRACK,32.59821,-117.35475
6/20/2017 8:55,0-2573891,UNLIMITED-TRACK,32.5995,-117.35527
6/20/2017 8:54,0-2572498,UNLIMITED-TRACK,32.59921,-117.3551
6/20/2017 8:51,0-2573760,UNLIMITED-TRACK,32.59902,-117.35521
6/20/2017 8:50,0-2574334,UNLIMITED-TRACK,32.59889,-117.35539
6/20/2017 8:50,0-2573891,UNLIMITED-TRACK,32.59971,-117.35587
6/20/2017 8:50,0-2572498,UNLIMITED-TRACK,32.59945,-117.35573
6/20/2017 8:46,0-2573760,UNLIMITED-TRACK,32.59942,-117.35591
6/20/2017 8:45,0-2573891,UNLIMITED-TRACK,32.60003,-117.35652
6/20/2017 8:45,0-2574334,UNLIMITED-TRACK,32.59969,-117.35619
6/20/2017 8:42,0-2573891,UNLIMITED-TRACK,32.60058,-117.35716
6/20/2017 8:27,0-2573760,STOP,32.6044,-117.36092
6/20/2017 8:26,0-2574334,STOP,32.6048,-117.36134
6/20/2017 8:22,0-2573760,UNLIMITED-TRACK,32.60549,-117.3622
6/20/2017 8:21,0-2574334,UNLIMITED-TRACK,32.6058,-117.36259
6/20/2017 8:16,0-2574334,UNLIMITED-TRACK,32.60683,-117.36388
6/20/2017 8:12,0-2573760,STOP,32.60754,-117.36499
6/20/2017 8:11,0-2572498,STOP,32.60767,-117.36523
6/20/2017 8:11,0-2574334,STOP,32.60772,-117.36526
6/20/2017 8:07,0-2573760,UNLIMITED-TRACK,32.60849,-117.3663
6/20/2017 8:06,0-2573891,STOP,32.60867,-117.36652
6/20/2017 8:06,0-2572498,UNLIMITED-TRACK,32.6087,-117.36653
6/20/2017 8:06,0-2574334,UNLIMITED-TRACK,32.60873,-117.36658
6/20/2017 8:02,0-2573760,UNLIMITED-TRACK,32.60948,-117.36759
6/20/2017 8:01,0-2573891,STOP,32.6097,-117.36781
6/20/2017 8:01,0-2574334,UNLIMITED-TRACK,32.60971,-117.36783
6/20/2017 8:01,0-2572498,UNLIMITED-TRACK,32.60969,-117.36782
6/20/2017 7:58,0-2573760,UNLIMITED-TRACK,32.61042,-117.36868
6/20/2017 7:56,0-2572498,UNLIMITED-TRACK,32.61067,-117.36899
6/20/2017 7:56,0-2573891,UNLIMITED-TRACK,32.61073,-117.369
6/20/2017 7:56,0-2574334,UNLIMITED-TRACK,32.61079,-117.36905
6/20/2017 7:53,0-2573760,UNLIMITED-TRACK,32.61154,-117.36988
6/20/2017 7:51,0-2573891,UNLIMITED-TRACK,32.61174,-117.37016
6/20/2017 7:51,0-2574334,UNLIMITED-TRACK,32.61173,-117.37008
6/20/2017 7:48,0-2572498,UNLIMITED-TRACK,32.61242,-117.3707
6/20/2017 7:47,0-2573891,UNLIMITED-TRACK,32.6127,-117.37074
6/20/2017 7:47,0-2573760,UNLIMITED-TRACK,32.61274,-117.37074
6/20/2017 7:46,0-2574334,UNLIMITED-TRACK,32.61311,-117.37053
6/20/2017 7:42,0-2573891,UNLIMITED-TRACK,32.61382,-117.36851
6/20/2017 7:41,0-2574334,UNLIMITED-TRACK,32.61588,-117.35803
6/20/2017 7:40,0-2574334,UNLIMITED-TRACK,32.61691,-117.353
6/20/2017 7:38,0-2572498,UNLIMITED-TRACK,32.61465,-117.35534
6/20/2017 7:37,0-2573760,UNLIMITED-TRACK,32.6184,-117.34499
6/20/2017 7:35,0-2573891,UNLIMITED-TRACK,32.61972,-117.33842
6/20/2017 7:35,0-2574334,UNLIMITED-TRACK,32.61977,-117.33812
6/20/2017 7:32,0-2573760,UNLIMITED-TRACK,32.62128,-117.33014
6/20/2017 7:30,0-2574334,UNLIMITED-TRACK,32.62253,-117.32304
6/20/2017 7:27,0-2573760,UNLIMITED-TRACK,32.62381,-117.31495
6/20/2017 7:25,0-2574334,UNLIMITED-TRACK,32.62678,-117.29626
6/20/2017 7:20,0-2574334,UNLIMITED-TRACK,32.62893,-117.2815
6/20/2017 7:11,0-2573891,UNLIMITED-TRACK,32.63087,-117.26653
6/20/2017 7:11,0-2574334,UNLIMITED-TRACK,32.63103,-117.26549
6/20/2017 7:11,0-2572498,UNLIMITED-TRACK,32.63103,-117.26532
6/20/2017 7:07,0-2573760,UNLIMITED-TRACK,32.63296,-117.25317
6/20/2017 7:06,0-2573891,UNLIMITED-TRACK,32.63332,-117.25057
6/20/2017 7:06,0-2574334,UNLIMITED-TRACK,32.63334,-117.25053
6/20/2017 7:06,0-2572498,UNLIMITED-TRACK,32.63352,-117.24961
6/20/2017 7:02,0-2573760,UNLIMITED-TRACK,32.63599,-117.23738
6/20/2017 7:01,0-2573891,UNLIMITED-TRACK,32.63731,-117.23555
6/20/2017 7:01,0-2574334,UNLIMITED-TRACK,32.63766,-117.23506
6/20/2017 7:01,0-2572498,UNLIMITED-TRACK,32.63803,-117.23459
6/20/2017 6:57,0-2573760,UNLIMITED-TRACK,32.64107,-117.23077
6/20/2017 6:56,0-2574334,UNLIMITED-TRACK,32.6492,-117.22837
6/20/2017 6:51,0-2574334,UNLIMITED-TRACK,32.66332,-117.22957
6/20/2017 6:46,0-2574334,UNLIMITED-TRACK,32.67687,-117.22972
6/20/2017 6:41,0-2574334,UNLIMITED-TRACK,32.68661,-117.23092
6/20/2017 6:36,0-2574334,UNLIMITED-TRACK,32.70365,-117.22946
6/20/2017 6:31,0-2574334,UNLIMITED-TRACK,32.71465,-117.22089
6/20/2017 6:26,0-2574334,UNLIMITED-TRACK,32.72152,-117.22104
6/20/2017 6:21,0-2574334,UNLIMITED-TRACK,32.72281,-117.22293
6/20/2017 6:16,0-2574334,UNLIMITED-TRACK,32.72264,-117.22623
6/20/2017 6:11,0-2573891,UNLIMITED-TRACK,32.72263,-117.22635
6/20/2017 6:11,0-2573760,UNLIMITED-TRACK,32.72265,-117.22638
6/20/2017 6:11,0-2572498,UNLIMITED-TRACK,32.72266,-117.22624
6/20/2017 6:11,0-2574334,UNLIMITED-TRACK,32.72263,-117.2263
6/20/2017 6:06,0-2573891,UNLIMITED-TRACK,32.72332,-117.22755
6/20/2017 6:06,0-2573760,UNLIMITED-TRACK,32.72338,-117.22767
6/20/2017 6:06,0-2572498,UNLIMITED-TRACK,32.72339,-117.2277
6/20/2017 6:06,0-2574334,STOP,32.72348,-117.22775
6/20/2017 6:01,0-2573891,UNLIMITED-TRACK,32.72345,-117.22764
6/20/2017 6:01,0-2573760,UNLIMITED-TRACK,32.72342,-117.22767
6/20/2017 6:01,0-2574334,STOP,32.72352,-117.22775
6/20/2017 5:58,0-2572498,UNLIMITED-TRACK,32.72345,-117.22772
6/20/2017 5:52,0-2574334,UNLIMITED-TRACK,32.72985,-117.22466
6/20/2017 5:47,0-2574334,UNLIMITED-TRACK,32.75144,-117.205
6/20/2017 5:42,0-2574334,UNLIMITED-TRACK,32.75444,-117.20551
6/20/2017 5:36,0-2573891,UNLIMITED-TRACK,32.75502,-117.20499
6/20/2017 5:31,0-2574334,UNLIMITED-TRACK,32.75416,-117.14713
6/20/2017 5:24,0-2573760,UNLIMITED-TRACK,32.75866,-117.14633
